performance_id,show_id,date_diff,order_num
15881,63605,19,1
15881,63584,1,0.882352941
15881,63584,2,0.705882353
15881,63584,0,1.411764706
15881,63588,2,2.142857143
15881,63588,5,1.785714286
15881,63588,17,0.357142857
15881,63588,14,0.714285714
15881,63588,4,2.142857143
15881,63588,3,0.714285714
15881,63588,7,0.714285714
15881,63588,9,0.357142857
15881,63588,6,0.714285714
15881,63588,8,0.357142857
15881,81046,6,0.266666667
15881,81046,4,0.266666667
15881,81046,5,0.266666667
15881,81046,3,1.6
15881,81046,0,1.866666667
15881,81046,1,1.333333333
15881,81046,7,0.266666667
15881,81046,2,2.133333333
15881,63601,20,1
15881,48311,2,0.454545455
15881,48311,0,0.454545455
15881,48311,3,0.909090909
15881,48311,1,1.363636364
15881,48311,4,1.818181818
15881,63602,37,1
15881,48307,1,1
15881,48307,0,1
15881,63606,29,1
15881,63606,21,1
15881,63606,23,1
15881,63593,6,1
15881,63574,4,0.5
15881,63574,3,1.75
15881,63574,1,3
15881,63574,12,0.5
15881,63574,11,0.25
15881,63574,9,0.75
15881,63574,5,0.75
15881,63574,7,0.25
15881,63574,6,0.5
15881,63574,2,2
15881,63574,8,1.25
15881,63574,0,0.5
15881,63591,3,1
15881,63583,2,0.75
15881,63583,1,1.875
15881,63583,5,0.375
15881,63583,3,0.375
15881,63583,0,2.25
15881,63583,4,0.375
15881,63595,13,1
15881,63595,12,1
15881,63595,10,1
15881,63587,3,0.7
15881,63587,6,0.7
15881,63587,9,0.7
15881,63587,2,0.7
15881,63587,5,0.7
15881,63587,1,2.8
15881,63587,21,0.7
15881,63575,1,2.307692308
15881,63575,5,0.153846154
15881,63575,9,0.153846154
15881,63575,7,0.153846154
15881,63575,6,0.307692308
15881,63575,8,0.307692308
15881,63575,2,2
15881,63575,12,0.153846154
15881,63575,0,3.692307692
15881,63575,3,0.769230769
15881,81045,2,1.459459459
15881,81045,1,1.297297297
15881,81045,7,0.162162162
15881,81045,4,0.810810811
15881,81045,0,0.648648649
15881,81045,3,1.621621622
15881,63571,4,1.384615385
15881,63571,8,0.923076923
15881,63571,1,2.076923077
15881,63571,6,0.230769231
15881,63571,5,0.692307692
15881,63571,7,0.230769231
15881,63571,2,0.461538462
15881,63571,0,1.615384615
15881,63571,3,1.384615385
15881,63579,2,0.358974359
15881,63579,6,0.358974359
15881,63579,14,0.358974359
15881,63579,13,0.717948718
15881,63579,16,0.358974359
15881,63579,4,1.076923077
15881,63579,0,2.871794872
15881,63579,3,2.153846154
15881,63579,7,1.076923077
15881,63579,10,0.358974359
15881,63579,5,0.358974359
15881,63579,9,0.358974359
15881,63579,8,0.358974359
15881,63579,1,3.230769231
15881,63576,9,0.238095238
15881,63576,11,0.476190476
15881,63576,4,0.476190476
15881,63576,7,0.238095238
15881,63576,2,1.19047619
15881,63576,5,0.238095238
15881,63576,12,0.238095238
15881,63576,3,1.666666667
15881,63576,1,2.619047619
15881,63576,0,2.619047619
15881,84732,4,0.128205128
15881,84732,2,0.256410256
15881,84732,3,0.769230769
15881,84732,0,2.179487179
15881,84732,1,1.666666667
15881,63572,3,1.379310345
15881,63572,7,0.551724138
15881,63572,8,0.551724138
15881,63572,1,2.482758621
15881,63572,9,0.275862069
15881,63572,6,1.655172414
15881,63572,2,0.275862069
15881,63572,4,0.827586207
15881,63585,4,0.323529412
15881,63585,1,2.264705882
15881,63585,8,0.323529412
15881,63585,3,0.970588235
15881,63585,6,0.970588235
15881,63585,0,3.558823529
15881,63585,10,0.323529412
15881,63585,5,0.323529412
15881,63585,22,0.323529412
15881,63585,12,0.647058824
15881,63585,2,0.970588235
15881,63589,2,1.6
15881,63589,11,0.8
15881,63589,14,0.8
15881,63589,8,0.8
15881,63589,21,0.8
15881,63589,7,0.8
15881,63589,4,1.6
15881,63589,3,0.8
15881,63578,1,2.482758621
15881,63578,3,0.310344828
15881,63578,0,2.172413793
15881,63578,7,0.620689655
15881,63578,4,0.931034483
15881,63578,5,0.310344828
15881,63578,2,1.551724138
15881,63578,6,0.310344828
15881,63578,14,0.310344828
15881,63586,3,0.357142857
15881,63586,5,0.357142857
15881,63586,4,1.785714286
15881,63586,1,1.785714286
15881,63586,2,0.714285714
15881,63599,12,0.75
15881,63599,26,1.5
15881,63599,10,0.75
15881,63603,16,1
15881,63603,20,1
15881,63603,25,1
15881,63603,23,1
15881,63603,19,1
15881,63603,26,1
15881,63603,37,1
15881,63582,4,0.192307692
15881,63582,3,0.192307692
15881,63582,2,0.384615385
15881,63582,1,1.923076923
15881,63582,0,2.307692308
15881,63590,7,1.8
15881,63590,6,1.2
15881,63590,12,0.6
15881,63590,9,0.6
15881,63590,19,1.2
15881,63590,5,0.6
15881,63590,3,1.8
15881,63590,8,0.6
15881,63590,10,0.6
15881,63594,13,0.75
15881,63594,7,1.5
15881,63594,20,0.75
15881,81047,1,1.76
15881,81047,10,0.22
15881,81047,6,1.54
15881,81047,0,1.32
15881,81047,7,0.88
15881,81047,3,2.42
15881,81047,11,0.22
15881,81047,2,0.66
15881,81047,5,0.44
15881,81047,8,0.88
15881,81047,4,0.66
15881,63598,26,1
15881,63581,1,1.72972973
15881,63581,3,0.432432432
15881,63581,0,1.081081081
15881,63581,5,0.648648649
15881,63581,9,0.432432432
15881,63581,4,0.864864865
15881,63581,2,2.162162162
15881,63581,6,0.648648649
15881,63577,2,1.578947368
15881,63577,5,0.315789474
15881,63577,1,0.631578947
15881,63577,0,2.210526316
15881,63577,3,0.315789474
15881,63577,4,0.947368421
15881,63573,10,0.540540541
15881,63573,7,2.432432432
15881,63573,1,0.810810811
15881,63573,4,0.540540541
15881,63573,6,1.621621622
15881,63573,9,0.540540541
15881,63573,5,0.27027027
15881,63573,0,1.351351351
15881,63573,3,1.081081081
15881,63573,2,0.810810811
15881,48309,1,1.777777778
15881,48309,0,0.444444444
15881,48309,2,1.555555556
15881,48309,3,0.222222222
15881,63604,28,1
15881,63604,30,1
15881,63580,4,0.344827586
15881,63580,0,3.793103448
15881,63580,7,0.344827586
15881,63580,3,0.689655172
15881,63580,10,0.344827586
15881,63580,15,0.689655172
15881,63580,16,0.344827586
15881,63580,5,0.689655172
15881,63580,2,0.689655172
15881,63580,1,2.068965517
15881,48308,1,1.25
15881,48308,0,1.5
15881,48308,2,0.25
15881,63597,9,1
15881,63597,10,1
15881,63597,18,1
15881,63597,13,1
15881,63597,14,1
15881,48306,0,1
15881,63592,6,1
15881,63596,9,0.833333333
15881,63596,25,0.833333333
15881,63596,17,0.833333333
15881,63596,15,1.666666667
15881,63596,13,0.833333333
15881,48310,2,0.869565217
15881,48310,0,1.391304348
15881,48310,3,0.869565217
15881,48310,1,0.869565217
15881,63600,23,0.666666667
15881,63600,28,1.333333333
21788,88437,2,1
21788,88437,1,1
21788,80621,4,0.552631579
21788,80621,5,0.368421053
21788,80621,1,0.921052632
21788,80621,2,0.736842105
21788,80621,10,0.184210526
21788,80621,3,0.552631579
21788,80621,0,3.684210526
21788,80603,0,1
21788,80603,1,1
21788,88441,4,1.142857143
21788,88441,5,1.142857143
21788,88441,10,0.571428571
21788,88441,3,1.142857143
21788,80622,8,0.193548387
21788,80622,5,0.193548387
21788,80622,3,0.387096774
21788,80622,0,4.064516129
21788,80622,1,0.580645161
21788,80622,2,0.580645161
21788,80613,0,1
21788,88438,4,0.8
21788,88438,3,1.6
21788,88438,7,0.8
21788,88438,2,0.8
21788,88429,0,1
21788,88442,6,0.666666667
21788,88442,7,1.333333333
21788,80607,0,1.35
21788,80607,2,0.45
21788,80607,1,1.2
21788,88427,0,1.882352941
21788,88427,3,0.470588235
21788,88427,1,0.941176471
21788,88427,2,0.705882353
21788,88419,0,0.666666667
21788,88419,1,1.333333333
21788,80611,0,1.428571429
21788,80611,1,0.571428571
21788,88423,4,1
21788,80612,1,0.727272727
21788,80612,0,1.272727273
21788,80616,3,1.090909091
21788,80616,2,0.363636364
21788,80616,0,2.181818182
21788,80616,1,0.363636364
21788,88424,2,0.416666667
21788,88424,1,1.25
21788,88424,5,0.208333333
21788,88424,3,0.208333333
21788,88424,0,2.916666667
21788,80608,0,1.928571429
21788,80608,2,0.214285714
21788,80608,1,0.857142857
21788,88415,0,1.674418605
21788,88415,2,0.069767442
21788,88415,1,1.255813953
21788,80620,2,0.761904762
21788,80620,6,0.380952381
21788,80620,1,2.53968254
21788,80620,4,0.507936508
21788,80620,3,0.253968254
21788,80620,0,1.777777778
21788,80620,5,1.26984127
21788,80620,10,0.507936508
21788,88432,1,1
21788,88432,2,1
21788,88428,0,1.684210526
21788,88428,2,0.315789474
21788,88452,11,0.666666667
21788,88452,9,1.333333333
21788,80605,0,1.5
21788,80605,1,0.5
21788,88417,1,1
21788,88417,0,1
21788,80609,1,1.304347826
21788,80609,0,1.173913043
21788,80609,4,0.52173913
21788,88469,20,1
21788,88425,1,1.571428571
21788,88425,7,0.142857143
21788,88425,0,1.285714286
21788,88439,7,1
21788,88439,3,1.5
21788,88439,2,0.5
21788,80615,4,0.75
21788,80615,0,1.5
21788,80615,2,0.75
21788,80619,3,0.5
21788,80619,0,1.5
21788,88431,0,1
21788,80606,0,1.647058824
21788,80606,3,0.117647059
21788,80606,2,0.470588235
21788,80606,1,1.764705882
21788,88422,0,1.2
21788,88422,2,0.6
21788,88422,1,1.2
21788,88435,0,1
21788,80623,2,0.475247525
21788,80623,3,0.554455446
21788,80623,4,0.158415842
21788,80623,7,0.079207921
21788,80623,6,0.396039604
21788,80623,5,0.079207921
21788,80623,1,3.00990099
21788,80623,0,3.247524752
21788,88434,1,1
21788,88434,0,1
21788,80614,1,1
21788,80614,6,0.333333333
21788,80614,0,2.333333333
21788,80614,2,0.333333333
21788,80618,1,0.545454545
21788,80618,0,1.454545455
21788,88495,36,1
21788,88426,1,0.333333333
21788,88426,5,0.666666667
21788,88426,0,2
21788,80610,0,2.947368421
21788,80610,4,0.210526316
21788,80610,1,0.210526316
21788,80610,2,0.631578947
21788,88430,0,1
21788,88444,14,1
21788,80617,0,1
21788,88433,0,1
21788,88420,0,1
21788,88416,1,0.476190476
21788,88416,0,1.523809524
21788,80604,1,1
21788,80600,0,1
21788,88466,25,1
21788,80602,0,1
21788,88470,26,1
21788,88462,22,1
22840,70376,3,0.219178082
22840,70376,1,2.849315068
22840,70376,2,0.657534247
22840,70376,5,0.219178082
22840,70376,4,0.219178082
22840,70376,0,3.506849315
22840,70376,7,0.219178082
22840,70376,6,0.109589041
22840,70368,0,1
22840,70372,0,1.293103448
22840,70372,4,0.344827586
22840,70372,3,1.206896552
22840,70372,2,1.206896552
22840,70372,1,0.948275862
22840,70373,1,0.689655172
22840,70373,0,2.931034483
22840,70373,4,0.431034483
22840,70373,3,0.25862069
22840,70373,2,0.689655172
22840,70381,9,0.964912281
22840,70381,2,0.771929825
22840,70381,1,0.771929825
22840,70381,8,0.385964912
22840,70381,11,0.771929825
22840,70381,4,1.157894737
22840,70381,5,1.543859649
22840,70381,3,1.350877193
22840,70381,7,1.543859649
22840,70381,10,0.385964912
22840,70381,6,1.350877193
22840,70377,3,1.046511628
22840,70377,9,0.23255814
22840,70377,2,1.744186047
22840,70377,1,1.627906977
22840,70377,6,0.348837209
22840,70377,7,0.11627907
22840,70377,5,0.813953488
22840,70377,0,2.558139535
22840,70377,8,0.348837209
22840,70377,4,1.162790698
22840,70374,4,0.292682927
22840,70374,1,1.463414634
22840,70374,5,0.073170732
22840,70374,2,0.365853659
22840,70374,0,3.219512195
22840,70374,3,0.585365854
22840,70370,0,0.870967742
22840,70370,1,1.64516129
22840,70370,2,0.483870968
22840,70413,3,0.444444444
22840,70413,2,1.111111111
22840,70413,7,0.111111111
22840,70413,6,0.444444444
22840,70413,0,3.333333333
22840,70413,4,0.333333333
22840,70413,8,0.333333333
22840,70413,1,1.888888889
22840,70375,2,0.943820225
22840,70375,5,0.471910112
22840,70375,0,3.146067416
22840,70375,3,0.235955056
22840,70375,6,0.235955056
22840,70375,4,0.471910112
22840,70375,1,1.494382022
22840,70371,3,1
22840,70371,1,1
22840,70371,2,1
22840,70371,0,1
22840,70378,3,1.528301887
22840,70378,1,1.528301887
22840,70378,7,1.358490566
22840,70378,8,0.339622642
22840,70378,2,0.679245283
22840,70378,4,0.849056604
22840,70378,5,0.679245283
22840,70378,6,1.528301887
22840,70378,9,0.509433962
22840,70369,0,1.362318841
22840,70369,1,0.637681159
22840,70382,4,1.578947368
22840,70382,7,1.842105263
22840,70382,3,0.526315789
22840,70382,6,1.052631579
22840,70382,0,0.526315789
22840,70382,5,1.052631579
22840,70382,10,1.315789474
22840,70382,1,0.789473684
22840,70382,9,0.526315789
22840,70382,8,0.789473684
22840,70380,1,1.208955224
22840,70380,8,0.268656716
22840,70380,0,1.47761194
22840,70380,2,1.880597015
22840,70380,10,0.402985075
22840,70380,9,0.537313433
22840,70380,4,1.47761194
22840,70380,3,1.074626866
22840,70380,7,0.671641791
23890,73659,28,0.619047619
23890,73659,40,0.619047619
23890,73659,33,1.238095238
23890,73659,36,0.619047619
23890,73659,34,0.619047619
23890,73659,43,1.238095238
23890,73659,31,2.476190476
23890,73659,27,1.238095238
23890,73659,29,0.619047619
23890,73659,48,0.619047619
23890,73659,30,1.238095238
23890,73659,44,0.619047619
23890,73659,35,1.238095238
23890,73944,1,0.727272727
23890,73944,0,1.272727273
23890,73948,31,0.40625
23890,73948,32,0.8125
23890,73948,25,1.21875
23890,73948,29,2.03125
23890,73948,28,1.21875
23890,73948,38,0.8125
23890,73948,24,3.65625
23890,73948,33,0.40625
23890,73948,26,0.40625
23890,73948,35,0.40625
23890,73948,43,0.40625
23890,73948,30,0.40625
23890,73948,27,0.8125
23890,73945,1,2.157894737
23890,73945,0,0.947368421
23890,73945,2,1.052631579
23890,73945,4,0.421052632
23890,73945,3,0.421052632
23890,73946,0,2.140495868
23890,73946,1,1.73553719
23890,73946,6,0.173553719
23890,73946,4,0.289256198
23890,73946,2,1.561983471
23890,73946,5,0.462809917
23890,73946,3,0.636363636
23890,73582,26,0.452380952
23890,73582,21,0.904761905
23890,73582,20,0.452380952
23890,73582,17,1.357142857
23890,73582,18,0.904761905
23890,73582,36,2.261904762
23890,73582,35,0.904761905
23890,73582,32,1.357142857
23890,73582,25,0.904761905
23890,73582,34,1.357142857
23890,73582,31,0.904761905
23890,73582,15,0.452380952
23890,73582,22,0.452380952
23890,73582,23,1.357142857
23890,73582,28,1.357142857
23890,73582,33,0.452380952
23890,73582,29,0.452380952
23890,73582,16,0.904761905
23890,73582,30,1.80952381
23890,73661,10,0.396226415
23890,73661,1,2.113207547
23890,73661,6,0.79245283
23890,73661,4,1.056603774
23890,73661,7,0.528301887
23890,73661,15,0.396226415
23890,73661,5,0.660377358
23890,73661,14,0.528301887
23890,73661,3,1.58490566
23890,73661,11,0.132075472
23890,73661,9,0.132075472
23890,73661,8,0.528301887
23890,73661,0,3.698113208
23890,73661,2,1.452830189
23890,73660,0,2.964705882
23890,73660,1,5.294117647
23890,73660,3,0.952941176
23890,73660,13,0.105882353
23890,73660,18,0.105882353
23890,73660,14,0.317647059
23890,73660,12,0.317647059
23890,73660,10,0.635294118
23890,73660,11,0.529411765
23890,73660,9,0.741176471
23890,73660,4,1.376470588
23890,73660,17,0.105882353
23890,73660,15,0.211764706
23890,73660,6,0.635294118
23890,73660,5,0.635294118
23890,73660,7,1.058823529
23890,73660,8,0.529411765
23890,73660,2,1.482352941
23890,73947,24,0.619047619
23890,73947,12,2.476190476
23890,73947,21,0.619047619
23890,73947,20,0.30952381
23890,73947,26,0.30952381
23890,73947,15,1.238095238
23890,73947,18,0.30952381
23890,73947,13,3.095238095
23890,73947,19,0.30952381
23890,73947,25,0.30952381
23890,73947,14,0.928571429
23890,73947,17,1.238095238
23890,73947,16,1.238095238
23890,73941,18,1.478571429
23890,73941,6,0.985714286
23890,73941,20,0.492857143
23890,73941,13,0.328571429
23890,73941,17,0.492857143
23890,73941,19,0.164285714
23890,73941,14,0.821428571
23890,73941,15,0.492857143
23890,73941,0,1.314285714
23890,73941,7,1.314285714
23890,73941,4,1.807142857
23890,73941,12,0.657142857
23890,73941,3,3.121428571
23890,73941,2,2.135714286
23890,73941,21,0.657142857
23890,73941,9,0.657142857
23890,73941,5,1.15
23890,73941,16,1.15
23890,73941,11,0.328571429
23890,73941,8,0.492857143
23890,73941,10,0.492857143
23890,73941,1,2.135714286
23890,73941,22,0.328571429
24426,75100,22,0.713441654
24426,75100,21,1.698670606
24426,75100,18,0.747415066
24426,75100,15,0.985228951
24426,75100,25,0.441654357
24426,75100,9,1.053175775
24426,75100,19,1.1211226
24426,75100,23,0.611521418
24426,75100,14,1.460856721
24426,75100,17,0.917282127
24426,75100,11,1.1211226
24426,75100,3,1.494830133
24426,75100,8,0.849335303
24426,75100,5,0.64549483
24426,75100,4,1.664697194
24426,75100,6,1.087149188
24426,75100,7,1.053175775
24426,75100,12,0.985228951
24426,75100,20,1.426883309
24426,75100,16,0.883308715
24426,75100,13,0.883308715
24426,75100,10,0.747415066
24426,75100,24,0.407680945
24713,76194,20,0.6875
24713,76194,10,0.6875
24713,76194,13,2.0625
24713,76194,26,1.375
24713,76194,12,1.375
24713,76194,27,0.6875
24713,76194,14,0.6875
24713,76194,23,0.6875
24713,76194,18,1.375
24713,76194,19,0.6875
24713,76194,17,0.6875
24713,76198,28,1.4
24713,76198,15,1.4
24713,76198,21,0.7
24713,76198,24,1.4
24713,76198,25,0.7
24713,76198,18,0.7
24713,76198,26,0.7
24713,76177,10,0.226415094
24713,76177,9,0.679245283
24713,76177,5,0.452830189
24713,76177,11,0.226415094
24713,76177,0,1.58490566
24713,76177,4,0.905660377
24713,76177,2,2.490566038
24713,76177,12,0.905660377
24713,76177,8,0.226415094
24713,76177,3,1.358490566
24713,76177,1,2.716981132
24713,76177,6,0.226415094
24713,76190,8,0.875
24713,76190,6,0.875
24713,76190,17,0.875
24713,76190,15,0.875
24713,76190,18,0.875
24713,76190,9,1.75
24713,76190,7,0.875
24713,76182,1,3.529411765
24713,76182,14,0.176470588
24713,76182,5,1.411764706
24713,76182,2,3
24713,76182,6,0.705882353
24713,76182,10,0.352941176
24713,76182,16,0.176470588
24713,76182,0,1.058823529
24713,76182,9,0.176470588
24713,76182,7,0.705882353
24713,76182,8,0.705882353
24713,76182,4,0.705882353
24713,76182,11,0.352941176
24713,76182,3,1.411764706
24713,76182,13,0.529411765
24713,76186,4,0.448275862
24713,76186,2,1.793103448
24713,76186,12,0.224137931
24713,76186,9,0.672413793
24713,76186,13,0.448275862
24713,76186,10,0.896551724
24713,76186,7,0.672413793
24713,76186,6,0.224137931
24713,76186,3,1.793103448
24713,76186,1,4.482758621
24713,76186,20,0.224137931
24713,76186,17,0.224137931
24713,76186,5,0.896551724
24713,76178,5,0.183098592
24713,76178,10,0.183098592
24713,76178,8,0.732394366
24713,76178,9,0.183098592
24713,76178,3,1.098591549
24713,76178,6,0.366197183
24713,76178,1,2.197183099
24713,76178,11,0.183098592
24713,76178,7,0.183098592
24713,76178,13,0.183098592
24713,76178,2,2.746478873
24713,76178,0,3.478873239
24713,76178,4,1.281690141
24713,76176,7,0.639344262
24713,76176,9,0.426229508
24713,76176,10,0.213114754
24713,76176,3,1.491803279
24713,76176,4,2.131147541
24713,76176,1,1.278688525
24713,76176,0,0.426229508
24713,76176,11,0.426229508
24713,76176,6,1.491803279
24713,76176,5,3.196721311
24713,76176,12,0.213114754
24713,76176,8,0.426229508
24713,76176,2,0.639344262
24713,76180,3,0.305084746
24713,76180,2,0.762711864
24713,76180,12,0.305084746
24713,76180,1,2.745762712
24713,76180,5,0.305084746
24713,76180,9,0.305084746
24713,76180,7,0.457627119
24713,76180,4,0.305084746
24713,76180,0,3.508474576
24713,76195,23,0.625
24713,76195,15,1.875
24713,76195,17,1.25
24713,76195,13,0.625
24713,76195,18,0.625
24713,76199,35,0.8
24713,76199,24,0.8
24713,76199,34,0.8
24713,76199,29,0.8
24713,76199,21,0.8
24713,76199,28,0.8
24713,76199,18,2.4
24713,76199,22,0.8
24713,76196,13,1.333333333
24713,76196,18,0.666666667
24713,76192,15,0.75
24713,76192,9,0.75
24713,76192,16,0.75
24713,76192,8,1.5
24713,76192,10,1.5
24713,76192,27,0.75
24713,76192,22,0.75
24713,76192,13,0.75
24713,76192,12,1.5
24713,76179,15,0.35
24713,76179,8,0.35
24713,76179,1,1.75
24713,76179,14,0.525
24713,76179,7,0.35
24713,76179,13,0.175
24713,76179,0,7.175
24713,76179,4,0.525
24713,76179,9,0.175
24713,76179,2,1.75
24713,76179,6,0.175
24713,76179,3,0.175
24713,76179,5,0.35
24713,76179,12,0.175
24713,76188,6,1.805555556
24713,76188,9,0.722222222
24713,76188,8,2.527777778
24713,76188,21,0.361111111
24713,76188,15,0.361111111
24713,76188,3,1.805555556
24713,76188,7,1.444444444
24713,76188,10,0.361111111
24713,76188,13,0.361111111
24713,76188,12,1.083333333
24713,76188,11,1.083333333
24713,76188,5,0.722222222
24713,76188,4,0.361111111
24713,76197,15,1
24713,76197,24,1
24713,76197,28,1
24713,76184,3,0.222222222
24713,76184,0,5.777777778
24713,76184,2,0.666666667
24713,76184,4,1.111111111
24713,76184,11,0.222222222
24713,76184,13,0.222222222
24713,76184,10,0.222222222
24713,76184,5,0.444444444
24713,76184,1,1.777777778
24713,76184,6,0.444444444
24713,76184,16,0.222222222
24713,76184,8,0.666666667
24713,76193,24,0.302325581
24713,76193,14,2.11627907
24713,76193,10,2.11627907
24713,76193,20,1.209302326
24713,76193,12,1.209302326
24713,76193,19,0.302325581
24713,76193,11,1.209302326
24713,76193,16,0.302325581
24713,76193,9,1.209302326
24713,76193,15,0.906976744
24713,76193,28,0.604651163
24713,76193,17,0.302325581
24713,76193,13,1.209302326
24713,76200,23,1.714285714
24713,76200,25,0.857142857
24713,76200,32,0.857142857
24713,76200,27,0.857142857
24713,76200,35,0.857142857
24713,76200,21,0.857142857
24713,76191,10,3
24713,76191,8,0.5
24713,76191,11,1
24713,76191,16,0.5
24713,76191,13,0.5
24713,76191,24,0.5
24713,76191,14,1
24713,76191,7,2
24713,76191,17,0.5
24713,76191,12,0.5
24713,76187,9,0.875
24713,76187,6,1.166666667
24713,76187,13,0.291666667
24713,76187,5,0.875
24713,76187,14,0.291666667
24713,76187,18,0.291666667
24713,76187,8,1.166666667
24713,76187,21,0.291666667
24713,76187,22,0.291666667
24713,76187,3,2.916666667
24713,76187,4,2.333333333
24713,76187,2,2.041666667
24713,76187,17,0.291666667
24713,76187,7,0.875
24713,76183,11,0.136752137
24713,76183,4,0.957264957
24713,76183,17,0.136752137
24713,76183,3,0.957264957
24713,76183,14,0.273504274
24713,76183,16,0.136752137
24713,76183,6,0.273504274
24713,76183,2,1.777777778
24713,76183,7,0.41025641
24713,76183,1,3.282051282
24713,76183,0,6.564102564
24713,76183,10,0.136752137
24713,76183,9,0.136752137
24713,76183,5,0.547008547
24713,76183,12,0.136752137
24713,76183,20,0.136752137
24713,76181,0,1.695652174
24713,76181,16,0.282608696
24713,76181,9,0.565217391
24713,76181,3,1.413043478
24713,76181,2,0.282608696
24713,76181,8,1.413043478
24713,76181,14,0.282608696
24713,76181,11,0.282608696
24713,76181,4,1.413043478
24713,76181,1,2.826086957
24713,76181,7,1.130434783
24713,76181,5,0.282608696
24713,76181,15,1.130434783
24713,76185,4,0.265306122
24713,76185,10,0.265306122
24713,76185,15,0.265306122
24713,76185,2,1.326530612
24713,76185,3,0.795918367
24713,76185,5,0.530612245
24713,76185,0,5.306122449
24713,76185,7,0.530612245
24713,76185,1,2.653061224
24713,76185,8,0.265306122
24713,76185,14,0.265306122
24713,76185,6,0.265306122
24713,76185,18,0.265306122
24713,76189,13,0.45
24713,76189,7,1.35
24713,76189,11,0.9
24713,76189,10,0.45
24713,76189,5,2.25
24713,76189,9,1.8
24713,76189,8,0.45
24713,76189,15,0.45
24713,76189,6,0.9
25167,77499,6,0.64
25167,77499,2,2.24
25167,77499,1,2.56
25167,77499,0,0.32
25167,77499,7,0.64
25167,77499,5,0.32
25167,77499,4,0.64
25167,77499,3,0.64
25167,77512,13,2
25167,77512,17,0.666666667
25167,77512,19,0.666666667
25167,77512,18,0.666666667
25167,77495,3,0.545454545
25167,77495,1,1.636363636
25167,77495,0,3
25167,77495,4,0.272727273
25167,77495,9,0.272727273
25167,77495,5,0.272727273
25167,77491,6,0.685714286
25167,77491,7,1.142857143
25167,77491,2,0.914285714
25167,77491,3,2.514285714
25167,77491,4,1.6
25167,77491,5,0.457142857
25167,77491,10,0.228571429
25167,77491,11,0.457142857
25167,77534,33,1
25167,77534,46,1
25167,77482,0,0.181818182
25167,77482,3,0.545454545
25167,77482,1,2.181818182
25167,77482,2,1.090909091
25167,77483,1,0.875
25167,77483,2,1.125
25167,77479,0,1
25167,77508,6,1
25167,77500,0,2.894736842
25167,77500,2,0.263157895
25167,77500,1,0.789473684
25167,77500,3,0.789473684
25167,77500,4,0.263157895
25167,77504,3,0.583333333
25167,77504,4,1.75
25167,77504,2,1.75
25167,77504,20,0.583333333
25167,77504,5,0.583333333
25167,77504,14,1.166666667
25167,77504,6,0.583333333
25167,77503,11,0.666666667
25167,77503,4,2
25167,77503,1,0.666666667
25167,77503,3,0.666666667
25167,77520,19,1
25167,77485,0,1.875
25167,77485,2,1.3125
25167,77485,4,0.5625
25167,77485,5,0.1875
25167,77485,3,1.125
25167,77485,1,0.9375
25167,77481,2,0.333333333
25167,77481,0,1.666666667
25167,77517,25,1
25167,77517,24,1
25167,77525,35,1
25167,77529,41,1
25167,77501,2,0.375
25167,77501,3,1.125
25167,77501,10,0.375
25167,77501,4,1.125
25167,77501,0,1.5
25167,77501,1,1.5
25167,77493,10,1
25167,77497,3,0.333333333
25167,77497,2,1.166666667
25167,77497,15,0.166666667
25167,77497,0,2.333333333
25167,77497,1,2.666666667
25167,77497,4,0.166666667
25167,77497,6,0.166666667
25167,77511,17,1
25167,77511,22,1
25167,77484,2,1.818181818
25167,77484,4,1.090909091
25167,77484,1,0.545454545
25167,77484,3,0.545454545
25167,77480,1,0.4
25167,77480,0,1.6
25167,77528,29,1
25167,77488,5,0.424242424
25167,77488,0,2.121212121
25167,77488,4,0.212121212
25167,77488,1,2.121212121
25167,77488,7,0.212121212
25167,77488,2,1.696969697
25167,77488,3,0.212121212
25167,77492,9,0.235294118
25167,77492,5,0.235294118
25167,77492,4,0.705882353
25167,77492,10,0.235294118
25167,77492,11,0.470588235
25167,77492,6,0.235294118
25167,77492,3,2.352941176
25167,77492,2,3.529411765
25167,77496,1,0.692307692
25167,77496,3,0.230769231
25167,77496,0,3.923076923
25167,77496,2,0.692307692
25167,77496,7,0.230769231
25167,77496,6,0.230769231
25167,77506,6,0.583333333
25167,77506,3,1.75
25167,77506,9,1.166666667
25167,77506,19,0.583333333
25167,77506,15,0.583333333
25167,77506,4,1.166666667
25167,77506,8,1.166666667
25167,77502,2,0.235294118
25167,77502,0,2.823529412
25167,77502,5,0.470588235
25167,77502,1,0.470588235
25167,77498,4,1.928571429
25167,77498,1,2.571428571
25167,77498,5,0.482142857
25167,77498,7,0.160714286
25167,77498,10,0.160714286
25167,77498,11,0.160714286
25167,77498,6,0.321428571
25167,77498,2,2.410714286
25167,77498,0,0.803571429
25167,77510,16,1
25167,77510,8,1
25167,77489,4,0.84
25167,77489,3,0.84
25167,77489,9,0.28
25167,77489,1,1.96
25167,77489,2,2.24
25167,77489,7,0.28
25167,77489,6,0.56
25167,77505,2,1.730769231
25167,77505,7,0.384615385
25167,77505,4,1.346153846
25167,77505,5,0.384615385
25167,77505,3,1.153846154
25167,77509,19,1
25167,77507,6,1
25167,77507,15,1
25167,77507,17,1
25167,77490,9,0.264705882
25167,77490,1,2.382352941
25167,77490,6,0.529411765
25167,77490,4,0.794117647
25167,77490,3,1.323529412
25167,77490,10,0.264705882
25167,77490,5,0.794117647
25167,77490,2,2.117647059
25167,77490,7,0.529411765
25167,77494,7,0.21875
25167,77494,1,1.53125
25167,77494,3,0.65625
25167,77494,2,1.3125
25167,77494,5,0.65625
25167,77494,4,0.875
25167,77494,0,1.75
25167,77486,1,1.136363636
25167,77486,3,0.227272727
25167,77486,6,0.227272727
25167,77486,0,2.954545455
25167,77486,2,0.454545455
25892,79434,5,1.112462006
25892,79434,6,1.14893617
25892,79434,1,1.05775076
25892,79434,0,1.67781155
25892,79434,2,0.729483283
25892,79434,7,1.130699088
25892,79434,8,0.820668693
25892,79434,4,1.386018237
25892,79434,10,0.565349544
25892,79434,3,1.130699088
25892,79434,9,0.601823708
25892,79434,11,0.638297872
27611,85067,26,1.808917197
27611,85067,17,1.248407643
27611,85067,18,1.070063694
27611,85067,25,1.719745223
27611,85067,16,0.458598726
27611,85067,19,1.070063694
27611,85067,23,1.222929936
27611,85067,24,1.299363057
27611,85067,21,0.624203822
27611,85067,20,0.98089172
27611,85067,22,0.47133758
27611,85067,15,0.025477707
27829,85261,73,0.56372549
27829,85261,75,1.653594771
27829,85261,91,0.676470588
27829,85261,82,0.375816993
27829,85261,81,0.526143791
27829,85261,92,0.488562092
27829,85261,76,0.789215686
27829,85261,79,0.638888889
27829,85261,94,7.591503268
27829,85261,86,0.826797386
27829,85261,90,0.676470588
27829,85261,78,0.638888889
27829,85261,88,0.300653595
27829,85261,77,0.789215686
27829,85261,85,0.676470588
27829,85261,93,1.766339869
27829,85261,80,0.526143791
27829,85261,89,1.089869281
27829,85261,84,0.488562092
27829,85261,74,0.56372549
27829,85261,87,0.714052288
27829,85261,83,0.075163399
27829,85261,72,0.56372549